User_ID,Skills,Next_Skill
1,"Python;Java;SQL;HTML;CSS;JavaScript;React;Node.js","Machine Learning,Data Science;Backend Development"
2,"JavaScript;HTML;CSS;React;Angular;Vue.js;TypeScript;Node.js","Backend Development;Frontend Development;Web Development"
3,"Python;Java","Data Structures;Algorithms"
4,"HTML;CSS","JavaScript;Web Development"
5,"Python;Data Science","Machine Learning;Deep Learning"
6,"Java;Spring","Hibernate;Microservices"
7,"JavaScript;React","Node.js;Frontend Development"
8,"Python;C++;Algorithms","Machine Learning;Data Structures"
9,"HTML;CSS;JavaScript","React;Web Development"
10,"Java;Spring;Hibernate","Microservices;Cloud Computing"
11,"Python;SQL;Data Analysis","Machine Learning;Data Science"
12,"C++;Algorithms","Data Structures;Algorithms"
13,"JavaScript;TypeScript;React","Frontend Development;Web Development"
14,"Python;HTML;CSS","Frontend Development;Data Science"
15,"Java;Spring;Hibernate","Backend Development;Microservices"
16,"Java;C#;SQL","Database;Backend Development"
17,"React;Node.js;JavaScript","Backend Development;Full Stack Development"
18,"Python;SQL;Data Science","Machine Learning;Data Analysis"
19,"C++;Python;Algorithms","Machine Learning;Data Structures"
20,"JavaScript;Node.js;TypeScript","Frontend Development;Web Development"
21,"React;Vue.js;Angular","Frontend Development;Web Development"
22,"Python;Java;SQL","Data Science;Machine Learning"
23,"JavaScript;HTML;CSS","Web Development;Frontend Development"
24,"Python;Data Science;Machine Learning","Deep Learning;AI"
25,"Java;Spring;Hibernate","Backend Development;Cloud Computing"
26,"JavaScript;CSS;HTML","Frontend Development;Web Development"
27,"Python;C++;Algorithms","Data Structures;Machine Learning"
28,"Java;Spring","Microservices;Cloud Computing"
29,"JavaScript;React;Node.js","Full Stack Development;Backend Development"
30,"Python;Data Science","Data Analysis;Machine Learning"
31,"HTML;CSS;JavaScript","React;Web Development"
32,"Python;Java","Data Structures;Algorithms"
33,"React;Node.js;JavaScript","Backend Development;Web Development"
34,"Java;Spring","Microservices;Backend Development"
35,"JavaScript;TypeScript;React","Web Development;Frontend Development"
36,"Python;Java;SQL","Machine Learning;Data Science"
37,"JavaScript;React","Frontend Development;Backend Development"
38,"C++;Python;Data Structures","Machine Learning;AI"
39,"Java;Spring","Microservices;Backend Development"
40,"HTML;CSS","Web Development;Frontend Development"
41,"Python;SQL","Data Science;Machine Learning"
42,"JavaScript;React;Node.js","Full Stack Development;Backend Development"
43,"Python;C++;Algorithms","Data Structures;Machine Learning"
44,"Java;Spring","Microservices;Backend Development"
45,"Python;Data Science","Machine Learning;AI"
46,"JavaScript;TypeScript;React","Frontend Development;Web Development"
47,"Python;Java","Data Structures;Machine Learning"
48,"HTML;CSS;JavaScript","Frontend Development;Web Development"
49,"Python;SQL;Data Analysis","Machine Learning;Data Science"
50,"C++;Java;Algorithms","Data Structures;Machine Learning"
51,"JavaScript;React;Node.js","Full Stack Development;Backend Development"
52,"Python;C++;Algorithms","Machine Learning;Data Structures"
53,"Java;Spring","Microservices;Backend Development"
54,"Python;Data Science","Machine Learning;AI"
55,"JavaScript;React","Frontend Development;Web Development"
56,"Python;Java;SQL","Data Science;Machine Learning"
57,"JavaScript;TypeScript;React","Frontend Development;Web Development"
58,"Java;C++;SQL","Backend Development;Database"
59,"Python;HTML;CSS","Frontend Development;Data Science"
60,"Java;Spring","Microservices;Backend Development"
61,"JavaScript;React;Node.js","Full Stack Development;Backend Development"
62,"Python;C++;Algorithms","Machine Learning;Data Structures"
63,"HTML;CSS;JavaScript","Frontend Development;Web Development"
64,"Python;SQL;Data Analysis","Machine Learning;AI"
65,"Java;Spring;Hibernate","Microservices;Cloud Computing"
66,"JavaScript;React","Frontend Development;Backend Development"
67,"Python;Java","Data Structures;Algorithms"
68,"React;Vue.js","Frontend Development;Web Development"
69,"Python;Java;SQL","Data Science;Machine Learning"
70,"JavaScript;CSS;HTML","Frontend Development;Web Development"
71,"Java;Spring","Backend Development;Microservices"
72,"Python;C++;Algorithms","Machine Learning;Data Structures"
73,"JavaScript;React","Frontend Development;Backend Development"
74,"Java;Spring;Hibernate","Backend Development;Microservices"
75,"Python;Data Science","Machine Learning;Deep Learning"
76,"JavaScript;HTML;CSS","Frontend Development;Web Development"
77,"Java;C++;SQL","Database;Backend Development"
78,"Python;Java","Machine Learning;Deep Learning"
79,"JavaScript;React","Frontend Development;Backend Development"
80,"Python;SQL;Data Science","Machine Learning;AI"
81,"C++;Python;Algorithms","Data Structures;Machine Learning"
82,"JavaScript;React;Node.js","Full Stack Development;Backend Development"
83,"Python;Data Science","Machine Learning;Deep Learning"
84,"Java;Spring","Microservices;Cloud Computing"
85,"JavaScript;React","Frontend Development;Backend Development"
86,"Python;C++;Algorithms","Machine Learning;Data Structures"
87,"Java;Spring","Backend Development;Microservices"
88,"Python;SQL","Data Science;Machine Learning"
89,"JavaScript;HTML;CSS","Frontend Development;Web Development"
90,"React;JavaScript;Node.js","Full Stack Development;Backend Development"
91,"Python;Java","Machine Learning;Deep Learning"
92,"JavaScript;React","Frontend Development;Backend Development"
93,"Python;SQL","Data Science;Machine Learning"
94,"JavaScript;HTML;CSS","Frontend Development;Web Development"
95,"Python;C++;Algorithms","Data Structures;Machine Learning"
96,"Java;Spring","Backend Development;Microservices"
97,"JavaScript;React;Node.js","Full Stack Development;Backend Development"
98,"Python;Java","Machine Learning;Data Science"
99,"JavaScript;React;Vue.js","Frontend Development;Web Development"
100,"Python;Java;SQL","Machine Learning;Data Science"
101,"Python;Java;SQL;HTML;CSS;JavaScript;React;Node.js","Machine Learning;Data Science;Backend Development"
102,"JavaScript;HTML;CSS;React;Angular;Vue.js;TypeScript;Node.js","Backend Development;Frontend Development;Web Development"
103,"Python;Java","Data Structures;Algorithms;System Design"
104,"Python;Pandas;NumPy","Machine Learning;Deep Learning;Data Visualization"
105,"JavaScript;HTML;CSS","React;Node.js;TypeScript"
106,"Java;Spring;SQL","Microservices;Database Management;API Development"
107,"C++;Python","Algorithms;Data Structures;Software Design Patterns"
108,"HTML;CSS","JavaScript;Bootstrap;TailwindCSS"
109,"React;JavaScript;HTML;CSS","Redux;TypeScript;Next.js"
110,"Python;Machine Learning","Data Science;TensorFlow;Natural Language Processing"
111,"SQL;Tableau","Data Analysis;Power BI;Data Visualization"
112,"Java;Android","Kotlin;Mobile App Development;UI/UX Design"
113,"Python;Django","Flask;Web Development;API Development"
114,"JavaScript;React","Angular;Vue.js;Frontend Testing"
115,"Node.js;Express","REST APIs;Backend Development;Microservices"
116,"Java;Spring Boot","Hibernate;Microservices;JPA"
117,"C#;ASP.NET","Entity Framework;Azure;SQL Server"
118,"PHP;Laravel","MySQL;Backend Development;REST APIs"
119,"Python;Data Science","Pandas;Machine Learning;Data Cleaning"
120,"HTML;CSS;JavaScript","React;Vue.js;TypeScript"
121,"Python;Flask","Django;API Development;Web Development"
122,"Java;Spring","Hibernate;REST APIs;Microservices"
123,"R;Data Analysis","Statistical Modeling;Data Visualization;Machine Learning"
124,"Python;Machine Learning","Deep Learning;Keras;Natural Language Processing"
125,"SQL;ETL","Data Warehousing;Data Pipelines;Data Quality"
126,"JavaScript;React","Redux;Next.js;TypeScript"
127,"Python;Django","REST APIs;Flask;SQL"
128,"HTML;CSS","JavaScript;React;Vue.js"
129,"C++;Game Development","Unity;Unreal Engine;Graphics Programming"
130,"JavaScript;Node.js","Express;MongoDB;API Development"
131,"Python;Data Science","Pandas;NumPy;Matplotlib"
132,"Java;Spring Boot","Microservices;Kafka;JPA"
133,"JavaScript;Vue.js","Vuex;Nuxt.js;TypeScript"
134,"Python;Pandas","Data Wrangling;Data Cleaning;Visualization"
135,"JavaScript;Angular","RxJS;NgRx;TypeScript"
136,"Python;Natural Language Processing","SpaCy;Text Mining;Sentiment Analysis"
137,"C++;Python","Machine Learning;Computer Vision;OpenCV"
138,"SQL;Power BI","Data Visualization;Dashboarding;DAX"
139,"JavaScript;React","Redux;Next.js;Web Animation"
140,"Python;Machine Learning","Data Science;Scikit-learn;Model Deployment"
141,"HTML;CSS;Bootstrap","JavaScript;jQuery;UI Design"
142,"JavaScript;Node.js","Express;MongoDB;Socket.io"
143,"Python;TensorFlow","Keras;Deep Learning;Neural Networks"
144,"SQL;Data Analysis","ETL;Data Warehousing;Data Cleaning"
145,"Java;Spring Boot","REST APIs;Database Management;Microservices"
146,"Python;Pandas","Data Analysis;Data Cleaning;Data Visualization"
147,"JavaScript;Vue.js","Vuex;Nuxt.js;Single Page Application Development"
148,"Java;Spring","Hibernate;JPA;Microservices"
149,"HTML;CSS;JavaScript","React;Next.js;Redux"
150,"C;Embedded Systems","Microcontrollers;Firmware Development;IoT"
151,"Python;Flask","Django;API Development;Backend Development"
152,"Java;Data Structures","Algorithms;Problem Solving;System Design"
153,"Python;Data Analysis","Pandas;Matplotlib;Seaborn"
154,"JavaScript;React","Redux;React Native;Frontend Testing"
155,"Python;Machine Learning","Scikit-learn;Data Cleaning;Feature Engineering"
156,"Java;Spring Boot","REST APIs;Microservices;Authentication"
157,"C#;Unity","Game Design;Graphics Programming;VR Development"
158,"HTML;CSS","Bootstrap;TailwindCSS;Responsive Design"
159,"JavaScript;Node.js","Express;API Development;MongoDB"
160,"Python;Data Science","NumPy;Matplotlib;Scikit-learn"
161,"Java;Spring","REST APIs;JPA;Spring Boot"
162,"SQL;Data Warehousing","ETL;Data Pipelines;Data Quality Assurance"
163,"JavaScript;Angular","RxJS;NgRx;Backend Integration"
164,"Python;Machine Learning","Data Science;Natural Language Processing;Model Deployment"
165,"PHP;Laravel","MySQL;REST APIs;Web Development"
166,"Python;Natural Language Processing","Text Mining;Sentiment Analysis;Topic Modeling"
167,"C++;Algorithms","Data Structures;Competitive Programming;Problem Solving"
168,"HTML;CSS;JavaScript","React;Vue.js;TypeScript"
169,"Java;Android","Kotlin;Material Design;Mobile Development"
170,"Python;Flask","Django;Web Development;SQLAlchemy"
171,"JavaScript;Vue.js","Vuex;TypeScript;Nuxt.js"
172,"Python;Data Science","Machine Learning;Pandas;Data Cleaning"
173,"Java;Spring Boot","Microservices;Kafka;REST APIs"
174,"SQL;Power BI","Data Visualization;Dashboarding;ETL"
175,"JavaScript;React","Next.js;Redux;Frontend Testing"
176,"Python;Deep Learning","Keras;TensorFlow;Neural Networks"
177,"Java;Spring","Microservices;Database Management;REST APIs"
178,"Python;Data Analysis","Pandas;Seaborn;Data Visualization"
179,"JavaScript;Angular","TypeScript;NgRx;RxJS"
180,"Python;Machine Learning","Scikit-learn;Data Cleaning;Model Evaluation"
181,"HTML;CSS","Bootstrap;JavaScript;Responsive Design"
182,"JavaScript;Node.js","Express;MongoDB;Backend Development"
183,"Python;TensorFlow","Keras;Deep Learning;Computer Vision"
184,"Java;Spring Boot","REST APIs;Microservices;Security"
185,"SQL;Data Analysis","Data Quality;ETL;Data Warehousing"
186,"JavaScript;React","Redux;Gatsby;TypeScript"
187,"Python;Data Science","Data Cleaning;Visualization;Model Evaluation"
188,"PHP;Web Development","Laravel;MySQL;API Development"
189,"Python;Natural Language Processing","Sentiment Analysis;Topic Modeling;Text Summarization"
190,"JavaScript;Vue.js","Vuetify;Vuex;Nuxt.js"
191,"Python;Data Engineering","ETL;Data Warehousing;Big Data"
192,"C#;Azure","Azure Functions;Serverless;Microservices"
193,"Java;Android","Flutter;Kotlin;Mobile Development"
194,"JavaScript;Angular","Material UI;RxJS;TypeScript"
195,"Python;Data Visualization","Matplotlib;Seaborn;Plotly"
196,"Java;Spring","Hibernate;Spring Boot;Database Management"
197,"HTML;CSS","JavaScript;Sass;Responsive Design"
198,"JavaScript;Backend Development","Node.js;Express;MongoDB"
199,"Python;Machine Learning","Scikit-learn;Feature Engineering;Model Tuning"
200,"Java;Game Development","Unity;C#;Graphics Programming"
201,"Python;Java;SQL;HTML;CSS;JavaScript;React;Node.js","Machine Learning;Data Science;Backend Development"
202,"Excel;PowerPoint;Word;Python;SQL;Data Analysis;R;JavaScript","Data Visualization;Data Cleaning;Business Analytics"
203,"HTML;CSS;JavaScript;React;Vue.js;Angular;Node.js;TypeScript","Frontend Development;UI/UX Design;Web Optimization"
204,"Python;Pandas;NumPy;Machine Learning;Data Science;Excel;SQL;Power BI","Data Cleaning;Statistical Modeling;Data Visualization"
205,"Java;Spring;SQL;REST APIs;Database Management;JPA;Microservices;Hibernate","Cloud Computing;API Development;Service Integration"
206,"Communication;Teamwork;Excel;PowerPoint;Project Management;Data Analysis;Presentation Skills;Research","Business Analysis;Data Reporting;Stakeholder Management"
207,"JavaScript;HTML;CSS;Bootstrap;TailwindCSS;Vue.js;React;Angular","Responsive Design;Frontend Testing;UI Prototyping"
208,"Python;Jupyter;Data Wrangling;Pandas;NumPy;Scikit-learn;Matplotlib;Data Analysis","Feature Engineering;Data Preprocessing;Model Evaluation"
209,"JavaScript;React;HTML;CSS;Node.js;Express;MongoDB;MySQL","Full Stack Development;Backend Development;API Integration"
210,"Python;Django;Flask;SQL;Data Science;TensorFlow;Keras;Pandas","Deep Learning;NLP;Data Engineering"
211,"C++;Java;Python;Data Structures;Algorithms;Problem Solving;System Design;OOP","Software Engineering;Performance Optimization;Code Review"
212,"JavaScript;HTML;CSS;jQuery;PHP;MySQL;Bootstrap;AJAX","Web Development;Backend Integration;E-commerce Development"
213,"Python;TensorFlow;Keras;NLP;Data Analysis;Data Visualization;Matplotlib;Scikit-learn","Deep Learning;Text Processing;Sentiment Analysis"
214,"Excel;PowerPoint;Project Management;Teamwork;Communication;Data Entry;Word;Research","Data Reporting;Presentation Skills;Business Strategy"
215,"Python;Java;SQL;MongoDB;Data Analysis;Machine Learning;Tableau;Excel","Predictive Modeling;Data Visualization;Data Cleaning"
216,"JavaScript;React;Vue.js;Node.js;TypeScript;HTML;CSS;Bootstrap","Web App Development;UI Prototyping;Frontend Optimization"
217,"Python;Data Science;Data Analysis;Pandas;NumPy;SQL;Tableau;Matplotlib","Data Cleaning;Data Visualization;Statistical Analysis"
218,"Java;Spring Boot;SQL;REST APIs;Microservices;Hibernate;Database Management;JPA","Backend Development;API Security;Service Design"
219,"Communication;Excel;PowerPoint;Teamwork;Word;Time Management;Leadership;Presentation Skills","Business Strategy;Stakeholder Management;Decision Making"
220,"HTML;CSS;JavaScript;Bootstrap;React;Vue.js;Sass;JavaScript","Responsive Design;UI Development;Cross-browser Compatibility"
221,"Python;Pandas;NumPy;Data Wrangling;Data Visualization;Scikit-learn;TensorFlow;Keras","Machine Learning;Data Modeling;Feature Engineering"
222,"JavaScript;HTML;CSS;React;Vue.js;Angular;Bootstrap;jQuery","Frontend Optimization;UI Design;Component Testing"
223,"Java;Python;C++;SQL;Data Structures;Algorithms;OOP;Problem Solving","System Design;Software Architecture;Code Optimization"
224,"Excel;PowerPoint;Word;Communication;Project Management;Teamwork;Research;Analysis","Stakeholder Management;Data Presentation;Business Reporting"
225,"JavaScript;Node.js;Express;MongoDB;SQL;API Development;React;JavaScript","Backend Development;Database Design;REST APIs"
226,"Python;Data Science;Machine Learning;NLP;Data Cleaning;Pandas;Scikit-learn;Keras","Deep Learning;Model Evaluation;Data Visualization"
227,"HTML;CSS;JavaScript;Bootstrap;React;Vue.js;TailwindCSS;jQuery","Responsive Design;Cross-browser Compatibility;UI Optimization"
228,"Java;Spring;Spring Boot;REST APIs;Microservices;SQL;Hibernate;Database Management","Service Design;Backend Scaling;Security Protocols"
229,"Python;Data Science;Machine Learning;Pandas;NumPy;TensorFlow;Keras;Data Analysis","Data Preprocessing;Model Training;Feature Selection"
230,"Excel;PowerPoint;Communication;Teamwork;Presentation Skills;Research;Project Management;Word","Data Analysis;Business Reporting;Decision Making"
231,"JavaScript;HTML;CSS;React;Angular;Vue.js;TypeScript;Bootstrap","UI Testing;Frontend Development;Single Page Applications"
232,"Python;Jupyter;Data Wrangling;NumPy;Pandas;Data Visualization;Matplotlib;Seaborn","Exploratory Data Analysis;Statistical Modeling;Data Cleaning"
233,"Java;Spring Boot;Microservices;REST APIs;SQL;JPA;Kafka;Database Management","Backend Optimization;API Development;Microservices Architecture"
234,"HTML;CSS;JavaScript;jQuery;Bootstrap;TailwindCSS;Sass;React","Responsive Design;Frontend Development;UI Enhancement"
235,"Python;Data Science;Machine Learning;Data Wrangling;TensorFlow;Keras;Pandas;Matplotlib","Model Training;Data Cleaning;Hyperparameter Tuning"
236,"Excel;PowerPoint;Word;Communication;Teamwork;Data Analysis;Project Management;Research","Data Presentation;Stakeholder Engagement;Decision Making"
237,"JavaScript;React;HTML;CSS;Node.js;Express;MongoDB;SQL","Web Development;Backend Integration;API Security"
238,"Python;Machine Learning;Data Science;Pandas;NumPy;TensorFlow;Keras;Data Wrangling","Deep Learning;Model Tuning;Data Cleaning"
239,"Java;Spring Boot;Hibernate;SQL;REST APIs;Microservices;Database Management;JPA","Service Integration;Security Compliance;Backend Scaling"
240,"JavaScript;HTML;CSS;React;Vue.js;Bootstrap;TailwindCSS;Angular","UI Testing;Frontend Optimization;Single Page Application"
241,"Python;Data Analysis;Excel;SQL;Power BI;Data Cleaning;Data Wrangling;Data Visualization","Statistical Analysis;Dashboarding;Data Transformation"
242,"Java;Python;SQL;HTML;CSS;JavaScript;React;Node.js","Full Stack Development;API Integration;Backend Optimization"
243,"Excel;PowerPoint;Word;Data Entry;Research;Communication;Teamwork;Presentation Skills","Business Reporting;Data Visualization;Stakeholder Engagement"
244,"Python;Machine Learning;Pandas;NumPy;Data Analysis;TensorFlow;Keras;Data Science","Model Training;Feature Engineering;Data Cleaning"
245,"JavaScript;HTML;CSS;React;Vue.js;Angular;Node.js;TypeScript","Frontend Optimization;UI Testing;Web Application Development"
246,"Python;Data Science;Excel;SQL;Pandas;NumPy;Data Cleaning;Matplotlib","Data Visualization;Data Analysis;Data Transformation"
247,"Java;Spring;SQL;REST APIs;Microservices;Database Management;Hibernate;JPA","Backend Design;API Integration;Database Optimization"
248,"Excel;PowerPoint;Project Management;Communication;Teamwork;Word;Time Management;Presentation Skills","Business Analysis;Stakeholder Engagement;Decision Making"
249,"JavaScript;HTML;CSS;React;Bootstrap;Vue.js;TypeScript;Node.js","Web Optimization;UI Testing;Single Page Applications"
250,"Python;Pandas;Data Wrangling;Data Cleaning;Data Visualization;Machine Learning;Scikit-learn;TensorFlow","Data Analysis;Feature Engineering;Model Training"
251,"Java;Spring Boot;SQL;Hibernate;Microservices;REST APIs;Kafka;JPA","API Design;Backend Optimization;Service Integration"
252,"JavaScript;HTML;CSS;React;Vue.js;Bootstrap;jQuery;Angular","UI Prototyping;Responsive Design;Frontend Testing"
253,"Python;Excel;Power BI;SQL;Data Wrangling;Pandas;Data Visualization;Data Cleaning","Data Transformation;Dashboarding;Data Reporting"
254,"Java;Python;C++;Data Structures;Algorithms;Problem Solving;OOP;System Design","Software Development;Code Optimization;System Architecture"
255,"Excel;PowerPoint;Word;Data Analysis;Research;Project Management;Teamwork;Communication","Data Presentation;Stakeholder Reporting;Analysis"
256,"JavaScript;HTML;CSS;React;Vue.js;Bootstrap;TailwindCSS;TypeScript","Responsive Design;UI Development;Frontend Optimization"
257,"Python;Django;Flask;SQL;Data Science;Data Analysis;Pandas;TensorFlow","Backend Development;Machine Learning;API Design"
258,"Java;Spring Boot;Microservices;SQL;REST APIs;Database Management;Kafka;JPA","Service Design;Backend Optimization;Data Security"
259,"Excel;Word;PowerPoint;Teamwork;Research;Communication;Presentation Skills;Time Management","Stakeholder Reporting;Data Analysis;Business Strategy"
260,"JavaScript;HTML;CSS;React;Vue.js;Angular;Node.js;TypeScript","Frontend Development;UI Testing;Single Page Application"
261,"Python;Pandas;NumPy;Data Science;Data Wrangling;Data Cleaning;TensorFlow;Matplotlib","Data Modeling;Exploratory Data Analysis;Feature Engineering"
262,"Java;Spring;Spring Boot;REST APIs;SQL;Hibernate;Microservices;Database Management","Backend Development;Service Integration;API Security"
263,"JavaScript;HTML;CSS;jQuery;Bootstrap;Vue.js;Angular;React","UI Optimization;Frontend Development;Web Design"
264,"Python;Data Analysis;Pandas;Excel;Power BI;SQL;Data Cleaning;Data Wrangling","Data Visualization;Dashboarding;Statistical Analysis"
265,"Java;Python;C++;OOP;Data Structures;Algorithms;System Design;Problem Solving","Software Development;Code Review;Optimization"
266,"Excel;PowerPoint;Communication;Word;Teamwork;Project Management;Data Entry;Research","Data Reporting;Business Analysis;Stakeholder Engagement"
267,"JavaScript;HTML;CSS;React;Angular;Vue.js;Bootstrap;TypeScript","Frontend Development;UI Testing;Responsive Design"
268,"Python;Data Science;Data Analysis;Pandas;NumPy;TensorFlow;Data Wrangling;Scikit-learn","Machine Learning;Feature Selection;Model Tuning"
269,"Java;Spring;Spring Boot;REST APIs;SQL;Hibernate;Microservices;Database Management","Backend Design;Service Integration;Database Optimization"
270,"Excel;PowerPoint;Communication;Teamwork;Project Management;Research;Presentation Skills;Time Management","Data Analysis;Business Strategy;Stakeholder Management"
271,"JavaScript;React;HTML;CSS;Vue.js;Angular;Node.js;Bootstrap","UI Prototyping;Frontend Testing;Web Application Development"
272,"Python;Machine Learning;Data Science;Data Wrangling;Pandas;NumPy;TensorFlow;Keras","Deep Learning;Feature Engineering;Model Evaluation"
273,"Excel;Word;PowerPoint;Data Analysis;Project Management;Teamwork;Presentation Skills;Research","Stakeholder Reporting;Business Analysis;Data Visualization"
274,"Java;Python;SQL;HTML;CSS;JavaScript;React;Node.js","Full Stack Development;API Design;Backend Optimization"
275,"Python;Django;Flask;SQL;Data Analysis;Pandas;Data Wrangling;TensorFlow","Machine Learning;API Development;Web Scraping"
276,"Java;Spring;Spring Boot;REST APIs;Microservices;SQL;Hibernate;JPA","Backend Development;Service Integration;Database Management"
277,"JavaScript;HTML;CSS;jQuery;Bootstrap;Vue.js;React;Angular","Frontend Development;UI Testing;Responsive Design"
278,"Python;Data Science;Machine Learning;Data Wrangling;Pandas;NumPy;TensorFlow;Keras","Model Tuning;Feature Selection;Data Visualization"
279,"Java;Spring Boot;SQL;REST APIs;Microservices;Database Management;Kafka;JPA","Backend Optimization;API Security;Service Design"
280,"JavaScript;HTML;CSS;React;Vue.js;Angular;Node.js;TypeScript","UI Testing;Single Page Application Development;Frontend Optimization"

